,x,y,bandwidth(ci: 2sigma),background
0,37.81506442347321,45.119512720776136,8.72534082176826,24.009406572678582
1,412.9926052026718,17.20889936718233,8.783586510289732,24.009406572678582
